<?xml version='1.0'?><metadata xml:lang='en'><Esri><CreaDate>20121128</CreaDate><CreaTime>09211700</CreaTime><ArcGISFormat>1.0</ArcGISFormat><SyncOnce>TRUE</SyncOnce><DataProperties><coordRef><csUnits>Decimal Degree</csUnits><geogcsn>WGS 84</geogcsn><peXml><wktVar>&lt;ProjectedCoordinateSystem&gt;&lt;WKT&gt;GEOGCS[&quot;WGS 84&quot;,DATUM[&quot;World Geodetic System 1984 [EPSG ID 6326]&quot;,SPHEROID[&quot;WGS 84 [EPSG ID 7030]&quot;,6378137.0,298.257223563]],PRIMEM[&quot;Greenwich&quot;,0.0],UNIT[&quot;Decimal Degree&quot;,0.01745329251994328]]&lt;/WKT&gt;&lt;XOrigin&gt;-85&lt;/XOrigin&gt;&lt;YOrigin&gt;40&lt;/YOrigin&gt;&lt;XYScale&gt;100000000&lt;/XYScale&gt;&lt;ZOrigin&gt;0&lt;/ZOrigin&gt;&lt;ZScale&gt;1&lt;/ZScale&gt;&lt;MOrigin&gt;0&lt;/MOrigin&gt;&lt;MScale&gt;1&lt;/MScale&gt;&lt;XYTolerance&gt;.00000002&lt;/XYTolerance&gt;&lt;ZTolerance&gt;0&lt;/ZTolerance&gt;&lt;MTolerance&gt;0&lt;/MTolerance&gt;&lt;HighPrecision&gt;&lt;/HighPrecision&gt;&lt;/ProjectedCoordinateSystem&gt;&lt;/peXml&gt;</wktVar></peXml></coordRef></DataProperties></Esri><idinfo><citation><citeinfo><title>none</title><origin>none</origin></citeinfo></citation></idinfo><dataIdInfo><themeKeys><keyword>Road</keyword><keyword>river</keyword><keyword>highway</keyword><keyword>railway</keyword><keyword>line</keyword><keyword>transportation</keyword><keyword>one-way</keyword><keyword>oneway</keyword><keyword>bikeways</keyword><keyword>cycle</keyword><keyword>bicycle</keyword></themeKeys><idPurp>Centreline data with the following bikeways information including bike lanes, contra-flow bike lanes, sharrows or shared lane markings, major multi-use pathways, minor multi-use pathways, park roads, signed routes, suggested on-street routes, suggested on-street connections.</idPurp><idAbs>The cycling data shows marked bicycle lanes, signed bicycle routes and pathways. It also shows suggested routes and connections in areas where routes have not yet been designated as part of the Bikeway Network. The suggested routes and connections have been identified in consultation with experienced Toronto cyclists and the Toronto Cycling Advisory Committee. TCL Asset includes: 1. Geographic linear representation of transportation corridors, administrative boundaries and shorelines. 2. Geographic point representations of properties and municipal addresses. 3. Various administration areas of city interest. 4. Information linked to transportation corridors, addresses and administration areas. TCL stores linear features representing transportation corridors and boundaries, address points representing properties, doorways, sites, intersection features and area features. All features are attributed with feature codes, with the date they were entered into the asset and the date they were removed from the current asset to the archival asset, with identification numbers unique over time and in the city and with name, lineage and accuracy information. In addition to retaining historical archives, threaded archives are also retained that record splits and merges of address points, of linear features and of area features. All features are linked and integrated. Street segments in this file identified as one-way with values of 1,-1. The information is found in ONE_WAY_DI and DIR_CODE_D</idAbs><idCitation><resTitle>CITYGCS.CENTRELINE_BIKEWAY_OD</resTitle></idCitation><resConst><Consts><useLimit>Source must be credited. Cannot be re-sold</useLimit></Consts></resConst><dataExt><geoEle><GeoBndBox><westBL>-82</westBL><eastBL>-77.8</eastBL><northBL>45.2</northBL><southBL>42</southBL></GeoBndBox></geoEle></dataExt><idPoC><rpIndName>Open Data Team</rpIndName><rpOrgName>City of Toronto</rpOrgName><rpCntInfo><cntAddress><eMailAdd>opendata@toronto.ca</eMailAdd></cntAddress></rpCntInfo></idPoC></dataIdInfo><metainfo><D>99</D><langmeta>en</langmeta></metainfo><distinfo></distinfo><spdoinfo><ptvctinf><esriterm><efeatyp>Feature Class</efeatyp><efeageom>Line</efeageom></esriterm></ptvctinf></spdoinfo><mdContact><rpOrgName>Geospatial Competency Centre</rpOrgName><rpIndName>.</rpIndName><rpCntInfo><cntAddress><city>Toronto</city><delPoint>18 Dyas Rd,  3rd Floor</delPoint><eMailAdd>gcc@toronto.ca</eMailAdd><postCode>M3B 1V5</postCode><adminArea>ON</adminArea></cntAddress><cntPhone><voiceNum>416-392-2506</voiceNum><faxNum>416-397-4900</faxNum></cntPhone></rpCntInfo><rpPosName>.</rpPosName></mdContact><eainfo><detailed><enttyp><enttypt>Feature Class</enttypt><enttypl>CITYGCS.CENTRELINE_BIKEWAY_OD</enttypl></enttyp><attr><attrlabl>FCODE</attrlabl><attalias>FCODE</attalias><attrtype>NUMBER</attrtype><attwidth>22</attwidth><attrdef>Unique geographic identifier</attrdef></attr><attr><attrlabl>FCODE_DESC</attrlabl><attalias>FCODE_DESC</attalias><attrtype>VARCHAR2</attrtype><attwidth>100</attwidth><attrdef>Feature code description for the CENTRELINE_BIKEWAY segment</attrdef></attr><attr><attrlabl>JURIS_CODE</attrlabl><attalias>JURIS_CODE</attalias><attrtype>VARCHAR2</attrtype><attwidth>20</attwidth><attrdef>Jurisdiction of the CENTRELINE_BIKEWAY segment</attrdef></attr><attr><attrlabl>SHAPE</attrlabl><attalias>SHAPE</attalias><attrtype>SDO_GEOMETRY</attrtype><attwidth>64</attwidth><attrdef>Even/Odd address numbers on left side of street</attrdef></attr><attr><attrlabl>OBJECTID</attrlabl><attalias>OBJECTID</attalias><attrtype>NUMBER</attrtype><attwidth>22</attwidth><attrdef>Even/Odd address numbers on right side of street</attrdef></attr><attr><attrlabl>CP_TYPE</attrlabl><attalias>CP_TYPE</attalias><attrtype>VARCHAR2</attrtype><attwidth>50</attwidth><attrdef>Highest address number for right side of the street segment</attrdef></attr><attr><attrlabl>GEO_ID</attrlabl><attalias>GEO_ID</attalias><attrtype>NUMBER</attrtype><attwidth>22</attwidth><attrdef>Unique ID of CENTRELINE segment.</attrdef></attr><attr><attrlabl>LFN_ID</attrlabl><attalias>LFN_ID</attalias><attrtype>NUMBER</attrtype><attwidth>22</attwidth><attrdef>Unique ID of Linear Name</attrdef></attr><attr><attrlabl>LF_NAME</attrlabl><attalias>LF_NAME</attalias><attrtype>VARCHAR2</attrtype><attwidth>110</attwidth><attrdef>Linear Name in full, e.g. Don Mills Rd</attrdef></attr><attr><attrlabl>ADDRESS_L</attrlabl><attalias>ADDRESS_L</attalias><attrtype>VARCHAR2</attrtype><attwidth>20</attwidth><attrdef>Address range left</attrdef></attr><attr><attrlabl>ADDRESS_R</attrlabl><attalias>ADDRESS_R</attalias><attrtype>VARCHAR2</attrtype><attwidth>20</attwidth><attrdef>Address range right</attrdef></attr><attr><attrlabl>OE_FLAG_L</attrlabl><attalias>OE_FLAG_L</attalias><attrtype>VARCHAR2</attrtype><attwidth>2</attwidth><attrdef>Parity Left</attrdef></attr><attr><attrlabl>OE_FLAG_R</attrlabl><attalias>OE_FLAG_R</attalias><attrtype>VARCHAR2</attrtype><attwidth>2</attwidth><attrdef>Parity Right</attrdef></attr><attr><attrlabl>LONUML</attrlabl><attalias>LONUML</attalias><attrtype>NUMBER</attrtype><attwidth>22</attwidth><attrdef>Numeric lowest number on the left</attrdef></attr><attr><attrlabl>HINUML</attrlabl><attalias>HINUML</attalias><attrtype>NUMBER</attrtype><attwidth>22</attwidth><attrdef>from intersection id</attrdef></attr><attr><attrlabl>LONUMR</attrlabl><attalias>LONUMR</attalias><attrtype>NUMBER</attrtype><attwidth>22</attwidth><attrdef>to intersection id</attrdef></attr><attr><attrlabl>HINUMR</attrlabl><attalias>HINUMR</attalias><attrtype>NUMBER</attrtype><attwidth>22</attwidth><attrdef>One-way direction (0, 1, -1)</attrdef></attr><attr><attrlabl>FNODE</attrlabl><attalias>FNODE</attalias><attrtype>NUMBER</attrtype><attwidth>22</attwidth><attrdef>Intersection id at the from node</attrdef></attr><attr><attrlabl>TNODE</attrlabl><attalias>TNODE</attalias><attrtype>NUMBER</attrtype><attwidth>22</attwidth><attrdef>Intersection id at the to node</attrdef></attr><attr><attrlabl>ONE_WAY_DI</attrlabl><attalias>ONE_WAY_DI</attalias><attrtype>NUMBER</attrtype><attwidth>22</attwidth><attrdef>0 for non-oneway, 1 follow digitized direction, -1 against digitised direction</attrdef></attr><attr><attrlabl>DIR_CODE_D</attrlabl><attalias>DIR_CODE_D</attalias><attrtype>VARCHAR2</attrtype><attwidth>20</attwidth><attrdef>Oneway code description</attrdef></attr></detailed></eainfo></metadata>